display_name,module_id,0.0,1.0,2.0,3.0,4.0,5.0,6.0,7.0,9.0,9999.0
About EdX,i4x://DelftX/ET3034TUx/problem/b3d30df864ca41ffa0170e790f01a783,,,,,,,,,,27220.0
Demographics & Learning preference,i4x://DelftX/ET3034TUx/problem/ae408726ac4a43abbd661a9bd5df0c20,,,,,,,,,,27220.0
Education and background,i4x://DelftX/ET3034TUx/problem/d68b6d0719594b368f8301636f1403fe,,,,,,,,,,27220.0
You and this MOOC,i4x://DelftX/ET3034TUx/problem/c4840764159f452c814f99e6b2b7b99c,,,,,,,,,,27220.0
Communication and collaboration,i4x://DelftX/ET3034TUx/problem/7e13dc5f7691487d8de158f65845a484,,,,,,,,,,27220.0
Aspirations,i4x://DelftX/ET3034TUx/problem/8418dbd432a741c99de79c6c09d7ac88,,,,,,,,,,27220.0
Stay updated about the research,i4x://DelftX/ET3034TUx/problem/51d31904ab594137ae4ee762948dd492,,,,,,,,,,27220.0
QUESTION 1.2.1,i4x://DelftX/ET3034TUx/problem/8a353992676e45f1bde78c03ab3791ab,448.0,12286.0,1.0,,,,,,,15401.0
QUESTION 1.2.2,i4x://DelftX/ET3034TUx/problem/0c6efae23d624b07b32f9837f3d16c6c,894.0,11564.0,,,,,,,,15678.0
QUESTION 1.3.1,i4x://DelftX/ET3034TUx/problem/81ede2a654bd4b1392a81c9c21281067,443.0,10541.0,,,,,,,,15286.0
QUESTION 1.3.2,i4x://DelftX/ET3034TUx/problem/79e672094c8e407db4c042c1052758c3,444.0,627.0,9777.0,,,,,,,15422.0
QUESTION 1.3.3,i4x://DelftX/ET3034TUx/problem/30c3e9751be842bd9f65356c21023463,551.0,10057.0,,,,,,,,15662.0
QUESTION 1.5.1,i4x://DelftX/ET3034TUx/problem/c9bc0ff23e4940349186f2242810f8b0,2270.0,866.0,4743.0,,,,,,,16533.0
QUESTION 1.5.2,i4x://DelftX/ET3034TUx/problem/22fff45893e24e3ea5ebd9c05fd498db,1901.0,145.0,5242.0,,,,,,,17124.0
QUESTION 1.6.1,i4x://DelftX/ET3034TUx/problem/b493b7973c6d436db037ba60c5ae65c0,1982.0,590.0,3824.0,,,,,,,17759.0
QUESTION 1.6.2,i4x://DelftX/ET3034TUx/problem/38b231210da04fd49b35c6cbf0c8a01a,844.0,433.0,477.0,3597.0,,,,,,18804.0
1.1 Costs of PV Technology Generations,i4x://DelftX/ET3034TUx/problem/4b6d3ff228d440cf8585c768313c776d,2870.0,1046.0,2062.0,2777.0,,,,,,16437.0
1.2 Renewables in Global Electricity Supply Mix,i4x://DelftX/ET3034TUx/problem/7c373beb47a84e9a8710c589040aabcb,2330.0,407.0,5272.0,,,,,,,17183.0
1.3 Power Spectral Density and Photon Flux,i4x://DelftX/ET3034TUx/problem/dc6cd763c50947629bc4fb96b6b5c59d,1898.0,2368.0,2612.0,,,,,,,18314.0
1.4 PV Potential Around the World,i4x://DelftX/ET3034TUx/problem/96fd71e4edb8429e8080b93043d59a34,679.0,931.0,1294.0,1927.0,2350.0,,,,,17951.0
1.5 PV System for the Smith Family,i4x://DelftX/ET3034TUx/problem/ac6905494f4441cd82070b90408781fc,1927.0,533.0,853.0,388.0,857.0,186.0,1848.0,,,18600.0
Question 2.1.1,i4x://DelftX/ET3034TUx/problem/614612af05c64e49bbf03ca2724696d0,757.0,4926.0,,,,,,,,12370.0
Question 2.1.2,i4x://DelftX/ET3034TUx/problem/054152f2087d4416ab9864b45dc0fb34,622.0,5008.0,,,,,,,,12423.0
Question 2.2.1,i4x://DelftX/ET3034TUx/problem/92991f18193f4c35b22dc60d186843da,266.0,5091.0,,,,,,,,12236.0
Question 2.2.2,i4x://DelftX/ET3034TUx/problem/09a5420350534cba87ac76687a5aa5e9,511.0,4486.0,,,,,,,,12596.0
Question 2.3.1,i4x://DelftX/ET3034TUx/problem/471d86526dbf476cab5c907d3b36d99c,409.0,3949.0,,,,,,,,12973.0
Question 2.3.2,i4x://DelftX/ET3034TUx/problem/6f328992cb3545128421b9bba5fa49da,475.0,3711.0,,,,,,,,13145.0
Question 2.3.3,i4x://DelftX/ET3034TUx/problem/aa1c33515991453fa68a54c49e3cbdc4,963.0,3192.0,,,,,,,,13176.0
QUESTION 2.3.4,i4x://DelftX/ET3034TUx/problem/578ebbb0df894beca280cd3fe8d2a375,332.0,3800.0,,,,,,,,13199.0
QUESTION 2.3.5,i4x://DelftX/ET3034TUx/problem/a775bfd8ed9a439d962cbd034993495a,359.0,3707.0,,,,,,,,13265.0
QUESTION 2.3.6,i4x://DelftX/ET3034TUx/problem/cd9cb3442b524951bf824b1db7ffcff9,1244.0,2742.0,,,,,,,,13345.0
QUESTION 2.4.1,i4x://DelftX/ET3034TUx/problem/4ab7d72c6b224822b7cd36a75b71e7d3,684.0,3354.0,,,,,,,,13056.0
QUESTION 2.4.2,i4x://DelftX/ET3034TUx/problem/f301741d236f44378f8ab11da46d9398,1290.0,2657.0,,,,,,,,13147.0
QUESTION 2.4.3,i4x://DelftX/ET3034TUx/problem/79b77802cf2e4234b6ba582f1f8fa6ba,590.0,3259.0,,,,,,,,13245.0
QUESTION 2.4.4,i4x://DelftX/ET3034TUx/problem/9d8ca394b29c46a4889bd3a3f6625f76,1091.0,2288.0,,,,,,,,13715.0
QUESTION 2.4.5,i4x://DelftX/ET3034TUx/problem/3850b87ef5114378a9c1d915e83dd359,724.0,2592.0,,,,,,,,13778.0
2.1 Phosphorus Electron Configuration,i4x://DelftX/ET3034TUx/problem/88f4f9ee8bf749eabecb7575b04408ff,510.0,5299.0,,,,,,,,11029.0
2.2 Conductivity in Semiconductors,i4x://DelftX/ET3034TUx/problem/5f65a1604233431dae5bc5e083c05abe,960.0,4697.0,,,,,,,,11181.0
2.3 N-doping of Silicon,i4x://DelftX/ET3034TUx/problem/42b49febcfa241f685000959b0851266,1038.0,4588.0,,,,,,,,11212.0
2.4 Minority Carrier Concentration,i4x://DelftX/ET3034TUx/problem/9f148eb563c5403b89e64b509ee0df6a,859.0,4320.0,,,,,,,,11659.0
2.5 Diffusion Current Density VS Drift Current Density,i4x://DelftX/ET3034TUx/problem/c9ad313d196546608e8400332b9ac204,1278.0,1052.0,2477.0,,,,,,,12031.0
2.6 Minority Carrier Lifetime,i4x://DelftX/ET3034TUx/problem/36f3eb479fc64837a82f06987c88f3f2,953.0,3967.0,,,,,,,,11918.0
2.7 P-N Junction,i4x://DelftX/ET3034TUx/problem/d1dc8931bad24dc58c2d2696eb10d0c4,694.0,105.0,129.0,78.0,351.0,986.0,2302.0,,,12193.0
2.8 Open-Circuit Voltage,i4x://DelftX/ET3034TUx/problem/557afb948c254d9382af3ac639522db6,1085.0,3411.0,,,,,,,,12342.0
QUESTION 3.1.1,i4x://DelftX/ET3034TUx/problem/aeae4bbfc5344ed9bc3eb0d894f0db6b,124.0,4043.0,,,,,,,,10204.0
QUESTION 3.1.2,i4x://DelftX/ET3034TUx/problem/40b1e7b86cfb4374bf2272ff823e35b1,214.0,3841.0,,,,,,,,10316.0
QUESTION 3.2.1,i4x://DelftX/ET3034TUx/problem/25af1d90c4a843cc9663fca85c163020,153.0,3412.0,,,,,,,,10443.0
QUESTION 3.2.2,i4x://DelftX/ET3034TUx/problem/56ace0d0e91344ffa6443da690dfe9b2,342.0,3071.0,,,,,,,,10595.0
QUESTION 3.2.3,i4x://DelftX/ET3034TUx/problem/bd79dd33c62445eb9d1f3752f4d5f58d,394.0,2945.0,,,,,,,,10669.0
QUESTION 3.2.4,i4x://DelftX/ET3034TUx/problem/a0dd421ca9d0466884b50173c7464998,659.0,2662.0,,,,,,,,10687.0
QUESTION 3.2.5,i4x://DelftX/ET3034TUx/problem/77003f1a7fcb426aa835fe8c1e7e910f,58.0,3326.0,,,,,,,,10625.0
QUESTION 3.2.6,i4x://DelftX/ET3034TUx/problem/957aeb9880fa498b88ed3b464dfb3039,418.0,2927.0,,,,,,,,10664.0
QUESTION 3.3.1,i4x://DelftX/ET3034TUx/problem/399b2d34914d4ad2afd3a2bcee3c00e3,370.0,2744.0,,,,,,,,10865.0
QUESTION 3.3.2,i4x://DelftX/ET3034TUx/problem/209ed81aeb024e449b551fdb2616cad7,258.0,2535.0,,,,,,,,11187.0
QUESTION 3.3.3,i4x://DelftX/ET3034TUx/problem/0679bcb2d20843f38116a355d0cc5560,395.0,2245.0,,,,,,,,11340.0
QUESTION 3.3.4,i4x://DelftX/ET3034TUx/problem/7cd50c4d5ef345fba98ab07e95e1881c,1070.0,294.0,1345.0,,,,,,,11271.0
QUESTION 3.3.5,i4x://DelftX/ET3034TUx/problem/5cd9cd07911b4d0c8920b6fe7e32824c,381.0,2110.0,,,,,,,,11488.0
QUESTION 3.3.6,i4x://DelftX/ET3034TUx/problem/3dea31f26d4042ef84e80a5f14e724d8,669.0,1835.0,,,,,,,,11475.0
QUESTION 3.3.7,i4x://DelftX/ET3034TUx/problem/643111f5acde46d490a7284e5cf25ebc,1351.0,1552.0,,,,,,,,11076.0
QUESTION 3.3.8,i4x://DelftX/ET3034TUx/problem/cfbdc3a0856b4dd09c4d14f21fba0939,861.0,1584.0,,,,,,,,11534.0
QUESTION 3.3.9,i4x://DelftX/ET3034TUx/problem/14af186cb3914c65aa94ee174b710c6e,1053.0,219.0,1272.0,,,,,,,11436.0
QUESTION 3.3.10,i4x://DelftX/ET3034TUx/problem/0e265ed66fd54713b057a6b37e891622,615.0,1447.0,,,,,,,,11918.0
1. Drift of Charge Carriers,i4x://DelftX/ET3034TUx/problem/161e25525c5a4e1494d71b417747fa0e,1474.0,3405.0,,,,,,,,8251.0
2. Biased p-n Junction,i4x://DelftX/ET3034TUx/problem/6d7daa76907d4a9783d66d11574414b9,1378.0,3320.0,,,,,,,,8432.0
3. Open-circuit Voltage,i4x://DelftX/ET3034TUx/problem/0761a3ad70334ce581ecbf433068d4db,469.0,3728.0,,,,,,,,8933.0
4. Fill Factor and Efficiency,i4x://DelftX/ET3034TUx/problem/9c79461f077e446fbadf0ff7fc3ee60c,222.0,461.0,3499.0,,,,,,,8948.0
5. Ideal IV Curve,i4x://DelftX/ET3034TUx/problem/db27b4bdff1d4817a4156e22d557e45b,197.0,194.0,266.0,859.0,2467.0,,,,,9147.0
6. Non-Ideal JV Curve,i4x://DelftX/ET3034TUx/problem/d961548938714300adcc6f09d76959ee,166.0,165.0,116.0,115.0,258.0,3048.0,33.0,21.0,,9208.0
Extra Questions (no points),i4x://DelftX/ET3034TUx/problem/8399361512724116a5b9c1d9a5a50c75,542.0,97.0,728.0,,,,,,,10822.0
7. Absorption Coefficient,i4x://DelftX/ET3034TUx/problem/f4d6371ab10649a586973a74f690ba16,317.0,228.0,54.0,120.0,2969.0,,,,,9442.0
8. Reflection in a Solar Cell,i4x://DelftX/ET3034TUx/problem/3404502dad2640ae8f122a1615f8b101,365.0,3328.0,,,,,,,,9437.0
Question 4.1.1,i4x://DelftX/ET3034TUx/problem/1f60e680f0d84b1f8e0f29e40c9d509f,456.0,2258.0,,,,,,,,8745.0
Question 4.1.2,i4x://DelftX/ET3034TUx/problem/be66485c1bd241ca9ee27bf8c02d13ea,314.0,2368.0,,,,,,,,8777.0
Question 4.2.1,i4x://DelftX/ET3034TUx/problem/eae415519c4743488fc7901a50430768,224.0,2380.0,,,,,,,,8722.0
Question 4.2.2,i4x://DelftX/ET3034TUx/problem/42785e8be22a48de915f2ea2459841d3,489.0,2192.0,,,,,,,,8645.0
Question 4.2.3,i4x://DelftX/ET3034TUx/problem/d97721393bbf46059e1f40b0cb39f196,271.0,2291.0,,,,,,,,8765.0
Question 4.3.1,i4x://DelftX/ET3034TUx/problem/f224aa0da8dc43a38d81396ee6402f40,177.0,2225.0,,,,,,,,8872.0
Question 4.3.2,i4x://DelftX/ET3034TUx/problem/6be2c92c6f56437d8706d9d0c6eb6c49,652.0,1475.0,,,,,,,,9147.0
Question 4.3.3,i4x://DelftX/ET3034TUx/problem/62d4530fa5e84c6786148a01bb46d85d,155.0,2208.0,,,,,,,,8911.0
Question 4.3.4,i4x://DelftX/ET3034TUx/problem/1761741184ce401ba68bb99632824765,284.0,2088.0,,,,,,,,8902.0
Question 4.4.1,i4x://DelftX/ET3034TUx/problem/8f22107b17d94322a1abe46c5ea6616f,310.0,1811.0,,,,,,,,9110.0
Question 4.4.2,i4x://DelftX/ET3034TUx/problem/7cf967d8a64a42fe99801f3a06fbba6b,245.0,1833.0,,,,,,,,9153.0
Question 4.4.3,i4x://DelftX/ET3034TUx/problem/fd988d8216ba456faec0c8d4fc90b3ae,386.0,1680.0,,,,,,,,9165.0
Question 4.5.1,i4x://DelftX/ET3034TUx/problem/76965254af9d46938e1419829e633870,140.0,1870.0,,,,,,,,9248.0
Question 4.5.2,i4x://DelftX/ET3034TUx/problem/2a66bc4575104f56a1360a8d9e8c370c,168.0,1853.0,,,,,,,,9237.0
Question 4.5.3,i4x://DelftX/ET3034TUx/problem/8aa922b46d314ab49bf889a8fab98705,164.0,127.0,174.0,1547.0,,,,,,9246.0
4.1 Manufacturing of poly-silicon,i4x://DelftX/ET3034TUx/problem/8428872731584d79b1ee0127a85cc289,1275.0,2980.0,,,,,,,,6677.0
4.2 FingerÂ´s Resistance,i4x://DelftX/ET3034TUx/problem/08393de6cea94787a128f8eccd97b165,676.0,3421.0,,,,,,,,6835.0
4.3 Surface Recombination at the Air/Silicon Interface,i4x://DelftX/ET3034TUx/problem/4bc39da807754212a85932269a2b6d31,1165.0,2938.0,,,,,,,,6829.0
4.4 Choosing the Silicon Layer Thickness,i4x://DelftX/ET3034TUx/problem/260b50a52dcf4e7db2f684e4d95b540e,1221.0,2807.0,,,,,,,,6904.0
4.5 Back Surface Field,i4x://DelftX/ET3034TUx/problem/acb9c8a09c9941259dbb6f0abb5c4e14,1194.0,2864.0,,,,,,,,6874.0
4.6 Effect of By-pass Diodes,i4x://DelftX/ET3034TUx/problem/a5184db319b54e7da6168bdc01eb79d0,404.0,57.0,78.0,3509.0,,,,,,6883.0
Question 5.1.1,i4x://DelftX/ET3034TUx/problem/37144e430ae04caa8fab9eda2b9978ac,243.0,2151.0,,,,,,,,7169.0
Question 5.1.2,i4x://DelftX/ET3034TUx/problem/1c1e232efe3343bbbea1e81f60990653,553.0,1658.0,,,,,,,,7352.0
Question 5.2.1,i4x://DelftX/ET3034TUx/problem/ae108867acd44730ab6f646aae779a36,295.0,1664.0,,,,,,,,7515.0
Question 5.2.2,i4x://DelftX/ET3034TUx/problem/4215dd6aa07546f19b788756c3317eca,347.0,1504.0,,,,,,,,7621.0
Question 5.2.3,i4x://DelftX/ET3034TUx/problem/f21297462e8341e8b5050a11a51d3bf4,461.0,1413.0,,,,,,,,7598.0
Question 5.2.4,i4x://DelftX/ET3034TUx/problem/f43c5e22ae8c478fb4d83257557e4de0,580.0,125.0,968.0,,,,,,,7801.0
Question 5.3.1,i4x://DelftX/ET3034TUx/problem/ca36d8330a4f4db9a5c4de868237b76f,208.0,1664.0,,,,,,,,7530.0
Question 5.4.1,i4x://DelftX/ET3034TUx/problem/4e78e9bbc676404eb360dd7475816be3,338.0,1302.0,,,,,,,,7734.0
Question 5.4.2,i4x://DelftX/ET3034TUx/problem/4f21c6b37f194baa92652613044d0f8d,329.0,1367.0,,,,,,,,7681.0
Question 5.4.3,i4x://DelftX/ET3034TUx/problem/f73af2b268634ba0add23884ff6eba36,120.0,1565.0,,,,,,,,7692.0
Question 5.4.4,i4x://DelftX/ET3034TUx/problem/f2773f43126f419e84307fd07be4cdaa,403.0,1235.0,,,,,,,,7739.0
Question 5.5.1,i4x://DelftX/ET3034TUx/problem/a09156ca1dc7415d9dc12f900fca198f,227.0,1444.0,,,,,,,,7719.0
Question 5.5.2,i4x://DelftX/ET3034TUx/problem/fc7806c794554f5683278c8be9bb8ad5,384.0,1222.0,,,,,,,,7784.0
5.1 Micromorph Module,i4x://DelftX/ET3034TUx/problem/b654be3f3cd74eebab43e3dcb91a319c,876.0,2597.0,,,,,,,,5623.0
5.2 CIGS and CdTe Fabrication,i4x://DelftX/ET3034TUx/problem/c77b3f0b015b4cd1b154542874adeab4,908.0,2476.0,,,,,,,,5709.0
5.3 Triple Junction JV Curve,i4x://DelftX/ET3034TUx/problem/31e4677952b942ef9e6dcbd339463ba9,851.0,2579.0,,,,,,,,5666.0
5.4 EQE of a Tandem Cell,i4x://DelftX/ET3034TUx/problem/91d54784992b41fbb5e57f2f67fd95a3,699.0,470.0,2014.0,,,,,,,5912.0
EQE of a Tandem Cell II,i4x://DelftX/ET3034TUx/problem/4d1e1b5dc68e434dbc8b6a6efc053c42,725.0,2520.0,,,,,,,,5850.0
EQE of a Tandem Cell III,i4x://DelftX/ET3034TUx/problem/d0994409696947308afa8423cc3dc9b0,766.0,355.0,206.0,1747.0,,,,,,6020.0
5.5 Dye Sensitized Solar Cell,i4x://DelftX/ET3034TUx/problem/92e21db7c2aa42e3a3c961f278fbd73d,212.0,478.0,560.0,1935.0,,,,,,5908.0
Question 6.1.1,i4x://DelftX/ET3034TUx/problem/22a5bf8c83074dfcafc9e7cd92b069db,166.0,1699.0,,,,,,,,6526.0
Question 6.1.2,i4x://DelftX/ET3034TUx/problem/5b1d0c7caa584f1bb89ac14984ed4220,249.0,1589.0,,,,,,,,6553.0
Question 6.2.1,i4x://DelftX/ET3034TUx/problem/9729e1d45ed744ba9a6b3fde5d592bab,352.0,131.0,1146.0,,,,,,,6684.0
Question 6.2.2,i4x://DelftX/ET3034TUx/problem/72c9f435238a44ba9223f26749cf574e,616.0,903.0,,,,,,,,6794.0
Question 6.2.3,i4x://DelftX/ET3034TUx/problem/626212ca05294b00a5e53e4795c336e8,404.0,1357.0,,,,,,,,6552.0
Question 6.2.4,i4x://DelftX/ET3034TUx/problem/b5c659e0fe37458ca5192cafb31a9f32,145.0,1509.0,,,,,,,,6660.0
Question 6.2.5,i4x://DelftX/ET3034TUx/problem/9fb0c9b309d744fd9578ae9fb2ac60d4,687.0,74.0,726.0,,,,,,,6827.0
Question 6.2.6,i4x://DelftX/ET3034TUx/problem/d8bdc1549cc1454d91a8e76820db8235,750.0,184.0,732.0,,,,,,,6648.0
Question 6.2.7,i4x://DelftX/ET3034TUx/problem/0c3480cd38ea47d68dc7a478e109b6c0,271.0,1306.0,,,,,,,,6737.0
Question 6.2.8,i4x://DelftX/ET3034TUx/problem/eedb17452b534c97b42e964f54ea8f27,356.0,1141.0,,,,,,,,6818.0
Question 6.2.9,i4x://DelftX/ET3034TUx/problem/6643e9a20a824e4289a9181a95e5fe3c,399.0,16.0,934.0,,,,,,,6966.0
Question 6.3.1,i4x://DelftX/ET3034TUx/problem/1e13baea78044e1292335401fc929b10,135.0,84.0,119.0,932.0,,,,,,7011.0
Question 6.3.2,i4x://DelftX/ET3034TUx/problem/5994646aae47486f928d9b35eab3951f,165.0,201.0,831.0,,,,,,,7084.0
Question 6.3.3,i4x://DelftX/ET3034TUx/problem/c2af746fa57e4cc09bd0aca9d0b1f424,451.0,707.0,,,,,,,,7123.0
Question 6.3.4,i4x://DelftX/ET3034TUx/problem/02a51d5dfb1a4a25b11890659971926b,217.0,974.0,,,,,,,,7090.0
1. Manufacturing of Mono-Crystalline Silicon,i4x://DelftX/ET3034TUx/problem/38a0fd8f1b704f96a1e7b243b9e9cd1d,455.0,2745.0,,,,,,,,4099.0
2. Effect of By-pass Diodes,i4x://DelftX/ET3034TUx/problem/c6a67cb0b7a84c75ba9400529729c462,93.0,24.0,41.0,2798.0,,,,,,4343.0
3. Triple Junction Solar Cell - I,i4x://DelftX/ET3034TUx/problem/05699edaf3494fa08b0019826c392ecc,260.0,46.0,46.0,2245.0,,,,1.0,,4701.0
Triple Junction Solar Cell - II,i4x://DelftX/ET3034TUx/problem/bd48446024cd4ee4ab5b4b1604a90d91,690.0,2152.0,,,,,,,,4455.0
Triple Junction Solar Cell - III,i4x://DelftX/ET3034TUx/problem/5fad0834c4bf4db086d0ce11ab9937f3,302.0,48.0,24.0,1957.0,,,,,,4966.0
Triple Junction Solar Cell - IV,i4x://DelftX/ET3034TUx/problem/602ccb45f6864a2c930a2dba353ec34d,419.0,1713.0,,,,,,,,5165.0
4. Up Converters - I,i4x://DelftX/ET3034TUx/problem/503993457f7c439d8c7a1e67a8467e95,692.0,1965.0,,,,,,,1.0,4641.0
UP CONVERTERS - II,i4x://DelftX/ET3034TUx/problem/48bcf3f2b2af45ee8e6b6431950713b5,280.0,158.0,1669.0,,,,,,,5190.0
UP CONVERTERS - III,i4x://DelftX/ET3034TUx/problem/41a345aaa1fc4eeabb8ef068a00a1329,422.0,2105.0,,,,,,,,4770.0
UP CONVERTERS - IV,i4x://DelftX/ET3034TUx/problem/044870a4644b41de8a471460bde67920,312.0,200.0,1449.0,,,,,,,5336.0
UP CONVERTERS - V,i4x://DelftX/ET3034TUx/problem/36cf97a840f447ecafd4934735a68ad8,306.0,2184.0,,,,,,,,4807.0
UP CONVERTERS - VI,i4x://DelftX/ET3034TUx/problem/5af64346300047d9ad5e876bbc9ab43a,221.0,168.0,1521.0,,,,,,,5387.0
5. Solar Water Heating Systems - I,i4x://DelftX/ET3034TUx/problem/bb1860915261404d91e7004fa5c2cb4d,87.0,94.0,143.0,2061.0,1.0,,,,,4913.0
5. Solar Water Heating Systems - II,i4x://DelftX/ET3034TUx/problem/3696e56a44f4469097ff7f41c7c9ff77,146.0,527.0,1577.0,,,,,,,5047.0
5. Solar Water Heating Systems - III,i4x://DelftX/ET3034TUx/problem/f3c441f76dc24187bd6a984943358c22,390.0,2194.0,,,,,,,,4713.0
6. Solar Fuels,i4x://DelftX/ET3034TUx/problem/42924720a86841c493f0f48a879530f8,172.0,560.0,1997.0,,,,,,,4570.0
Question 7.1.1,i4x://DelftX/ET3034TUx/problem/3a505cfaabba4f06a63bc7dfb04579a4,139.0,1667.0,,,,,,,,5113.0
Question 7.2.1,i4x://DelftX/ET3034TUx/problem/2bbaf603b2564d64aa3a4e08111376b3,107.0,18.0,34.0,1462.0,,,,,,5240.0
Question 7.2.2,i4x://DelftX/ET3034TUx/problem/70c03f70bb7541aaab0dac9727369b4b,477.0,1071.0,,,,,,,,5313.0
Question 7.2.2 a,i4x://DelftX/ET3034TUx/problem/169198f023b94acea4813f137cbd87ed,171.0,1574.0,,,,,,,,5082.0
Question 7.2.2 b,i4x://DelftX/ET3034TUx/problem/6b31af96611f4bfc870596d7484398a5,365.0,194.0,1237.0,,,,,,,5031.0
7.3.1,i4x://DelftX/ET3034TUx/problem/97e607a840ed45af90ae122d2d14447b,262.0,1451.0,,,,,,,,5105.0
7.3.2,i4x://DelftX/ET3034TUx/problem/e30a2732c13c4e9f8dba640de086687b,222.0,1379.0,,,,,,,,5217.0
Question 7.3.3,i4x://DelftX/ET3034TUx/problem/7ef1203dbfe7426b878d685c00fdfb89,485.0,954.0,,,,,,,,5379.0
Question 7.4.1,i4x://DelftX/ET3034TUx/problem/9f0b2b00ec6b47048f29edd66b2e51ad,127.0,1314.0,,,,,,,,5348.0
Question 7.4.2,i4x://DelftX/ET3034TUx/problem/4888f26dde414340b9679a5b15c8b09d,140.0,1255.0,,,,,,,,5394.0
Question 7.5.1,i4x://DelftX/ET3034TUx/problem/e8b0e1ef6933487b8c0d1812fe327748,107.0,1353.0,,,,,,,,5326.0
Question 7.5.2,i4x://DelftX/ET3034TUx/problem/1d22e5652d6b4c8a979b3c3e955fb6a2,76.0,1368.0,,,,,,,,5342.0
7.5.3,i4x://DelftX/ET3034TUx/problem/aef7b9dd24ff47629a63b382b4cdce59,226.0,179.0,196.0,86.0,883.0,,,,,5216.0
7.5.4,i4x://DelftX/ET3034TUx/problem/b31b31045b9e4cf7a9bf2c73cc002d9b,150.0,1099.0,,,,,,,,5537.0
Temperature effect,i4x://DelftX/ET3034TUx/problem/e5d695d3c2e8494e8ad5e3af92c527c0,391.0,99.0,2039.0,,,,,,,3993.0
"IV, PV curve and operating point",i4x://DelftX/ET3034TUx/problem/df885f1807e3415abd9ff19866ad7cdf,1139.0,1312.0,,,,,,,,4071.0
MPPT Algorithms,i4x://DelftX/ET3034TUx/problem/86fb9c31b3684992be55f894a073f775,674.0,1748.0,,,,,,,,4100.0
Inverter,i4x://DelftX/ET3034TUx/problem/e23da3ab75a847998c4d6703bc9c1308,504.0,1991.0,,,,,,,,4027.0
Batteries,i4x://DelftX/ET3034TUx/problem/0d4cf231121d4232b0f09df7ebcf1bb0,305.0,45.0,28.0,25.0,77.0,1981.0,,,,4061.0
Question 8.1.1,i4x://DelftX/ET3034TUx/problem/1c91e08df08c4655a6f433a7d43b6b7e,201.0,88.0,47.0,1111.0,,,,,,4472.0
Question 8.1.2,i4x://DelftX/ET3034TUx/problem/0a3718d927954dd7bb4dfbde7ae65e49,373.0,120.0,902.0,,,,,,,4524.0
Question 8.1.3,i4x://DelftX/ET3034TUx/problem/001d77c622084285ba1fea4cbd4bea80,408.0,79.0,882.0,,,,,,,4550.0
8.2.1 Grid-Connected PV System - 1,i4x://DelftX/ET3034TUx/problem/2a3043d05cf04d4d88400baa4ab52ed7,70.0,1028.0,,,,,,,,4725.0
8.2.2 Grid-Connected PV System  - 2,i4x://DelftX/ET3034TUx/problem/0c007431b6b5419ea9c97626d036bbae,88.0,1002.0,,,,,,,,4733.0
Question 8.3.1,i4x://DelftX/ET3034TUx/problem/abf0ba0885d34dee9d7dc9a5594f02ff,268.0,854.0,,,,,,,,4694.0
Question 8.3.2,i4x://DelftX/ET3034TUx/problem/4e9cccf28c0843d7956c1bd26c4a2625,113.0,31.0,894.0,,,,,,,4778.0
8.4.1 Environmental Considerations,i4x://DelftX/ET3034TUx/problem/054a33007f0943048ecfc754e9797416,244.0,57.0,104.0,927.0,,,,,,4466.0
1. Modules in PV Systems - Temperature effect,i4x://DelftX/ET3034TUx/problem/23ee477971084a94b655dc0c7e63587e,92.0,96.0,1874.0,,,,,,,3263.0
2. MPPT Concepts,i4x://DelftX/ET3034TUx/problem/391e254c2dbc4517b1eaaedf570b5291,442.0,1748.0,,,,,,,,3135.0
3. Batteries in PV Systems I,i4x://DelftX/ET3034TUx/problem/59571f0450964e459178189a4b4b8c34,41.0,50.0,91.0,1901.0,,,,,,3242.0
3. Batteries in PV Systems II,i4x://DelftX/ET3034TUx/problem/e4d8d96d13e846b7866481aebe244f48,29.0,17.0,40.0,1949.0,,,,,,3290.0
4. Standalone PV System I,i4x://DelftX/ET3034TUx/problem/e49e75df3de3498ab5d8519f708ec2c9,41.0,16.0,202.0,1781.0,,,,,,3285.0
4. Standalone PV System II,i4x://DelftX/ET3034TUx/problem/105aaa1b083540f5bc18485329550c75,116.0,1821.0,,,,,,,,3388.0
4. Standalone PV System III,i4x://DelftX/ET3034TUx/problem/7e347d3253694438930e278ce4020d23,129.0,186.0,1622.0,,,,,,,3388.0
5. Economics of PV Systems,i4x://DelftX/ET3034TUx/problem/522b2329552948afbb5d7afef9aa803c,736.0,1477.0,,,,,,,,3112.0
6. Environmental Considerations of PV Systems,i4x://DelftX/ET3034TUx/problem/f02ba7fe646a4defa63291eb197f78ec,38.0,184.0,84.0,1654.0,,,,,,3365.0
Rayleigh Film,i4x://DelftX/ET3034TUx/problem/050b072b21c54517a39627c92f01a685,,,,,,,,,,5.0
Destructive interference,i4x://DelftX/ET3034TUx/problem/bdf1b126b84c4feda40c24c99e694379,,,,,,,,,,5.0
Critical Angle,i4x://DelftX/ET3034TUx/problem/6a3065f5c165496f84a1829d5f254532,,,,,,,,,,5.0
thickness,i4x://DelftX/ET3034TUx/problem/55085c92a8b7442c8906d43f6e0cd8f4,,,,,,,,,,5.0
Multiple Choice,i4x://DelftX/ET3034TUx/problem/a8eb6a1bb04a414093c0b419b985109c,,,,,,,,,,5.0
Blank Common Problem,i4x://DelftX/ET3034TUx/problem/5064be4538fc47dca66a8d75d84c78f0,,,,,,,,,,5.0
Blank Common Problem,i4x://DelftX/ET3034TUx/problem/43bd7eda94d3435f9016ee558def0a22,,,,,,,,,,5.0
Blank Common Problem,i4x://DelftX/ET3034TUx/problem/2dd4e955134d451babd1a286fbc1e153,,,,,,,,,,5.0
blank,i4x://DelftX/ET3034TUx/problem/b9eef824dcd240f9a23e5be0b0d530cc,,,,,,,,,,5.0
Exercise 2,i4x://DelftX/ET3034TUx/problem/4119b3142a8e4574bfcc917560c10c0a,,,,,,,,,,5.0
Exercise 3,i4x://DelftX/ET3034TUx/problem/dc40a7733858410fa96b2334ef789f1e,,,,,,,,,,5.0
Exercise 4,i4x://DelftX/ET3034TUx/problem/e3f9d2869fad454885cb1f64a4684ad8,,,,,,,,,,5.0
Exercise 6,i4x://DelftX/ET3034TUx/problem/0f06435992fb46d4be88377276406d4e,,,,,,,,,,5.0
